title,company,link
Python Developer (Remote),Finsera,https://stackoverflow.com/jobs/524065/python-developer-remote-finsera
Python Full-Stack Software Engineer,Steeprock Inc,https://stackoverflow.com/jobs/530560/python-full-stack-software-engineer-steeprock-inc
Back-End Developer (i.e. Python),Imaginary Cloud,https://stackoverflow.com/jobs/550208/back-end-developer-ie-python-imaginary-cloud
Senior Python/Django Full-stack Developer,Apicbase Belgium,https://stackoverflow.com/jobs/545356/senior-python-django-full-stack-developer-apicbase-belgium
"Senior Software Engineer - Full-stack (Python, React)",Invitae Corporation,https://stackoverflow.com/jobs/522534/senior-software-engineer-full-stack-python-invitae-corporation
Principal Software Engineer (Python/APIs),Belvo Technologies,https://stackoverflow.com/jobs/546720/principal-software-engineer-python-apis-belvo-technologies
Python and Javascript Full-stack Engineer,Overloop,https://stackoverflow.com/jobs/549896/python-and-javascript-full-stack-engineer-overloop
Senior Backend Engineer - Python - MÃ©xico,Cornershop by Uber,https://stackoverflow.com/jobs/526139/senior-backend-engineer-python-m%C3%A9xico-cornershop-by-uber
Contract Senior Developer - Python / React (FilmTech),We Got POP Ltd,https://stackoverflow.com/jobs/531069/contract-senior-developer-python-react-we-got-pop-ltd
Python Developer (Remote),X-Team,https://stackoverflow.com/jobs/534454/python-developer-remote-x-team
"Senior Python Engineer, Backend (Remote)",AssemblyAI,https://stackoverflow.com/jobs/540026/senior-python-engineer-backend-remote-assemblyai
Senior Python/Django Full-stack Developer,Apicbase Belgium,https://stackoverflow.com/jobs/515716/senior-python-django-full-stack-developer-apicbase-belgium
Sr. Fullstack Python Engineer at Top Marketplace,StyleSeat,https://stackoverflow.com/jobs/522691/sr-fullstack-python-engineer-at-top-marketplace-styleseat
Back-end developer (Python),Nolk,https://stackoverflow.com/jobs/547896/back-end-developer-python-nolk
(Junior) Software Developer Python (m/w/d),Univention GmbH,https://stackoverflow.com/jobs/550381/junior-software-developer-python-m-w-d-univention-gmbh
Backend Engineer - Python,Everli,https://stackoverflow.com/jobs/516456/backend-engineer-python-everli
Senior Software Developer (Python) for a London-based online furniture retailer,Pentalog,https://stackoverflow.com/jobs/536628/senior-software-developer-python-for-a-london-pentalog
Sr. Python Developer,ProQuest,https://stackoverflow.com/jobs/550907/sr-python-developer-proquest
Full Stack Engineer - Javascript/Python,Zumper,https://stackoverflow.com/jobs/446582/full-stack-engineer-javascript-python-zumper
Full Stack Python / Django for Awesome Saas,"Lead Sherpa, Inc.",https://stackoverflow.com/jobs/522688/full-stack-python-django-for-awesome-saas-lead-sherpa-inc
Senior Python Back End Engineer - Tech Lead (Remote-LatAm),Loadsmart,https://stackoverflow.com/jobs/508341/senior-python-back-end-engineer-tech-lead-loadsmart
Senior Python Developer,Marketer Technologies AS,https://stackoverflow.com/jobs/518200/senior-python-developer-marketer-technologies-as
"SENIOR FULL-STACK DEV WITH RUBY / PYTHON / REACT NATIVE -- 100% REMOTE, FLEXIBLE",Analytics Fire,https://stackoverflow.com/jobs/517987/senior-full-stack-dev-with-ruby-python-react-analytics-fire
Sr Full Stack Software Engineer (Python/React/AWS),"Carex Consulting Group
                        via
Carex Consulting Group",https://stackoverflow.com/jobs/546570/sr-full-stack-software-engineer-python-react-aws-carex-consulting-group
"Senior Open Source Developer & DevOps (Python, Django, AWS, OpenStack)",OpenCraft,https://stackoverflow.com/jobs/453430/senior-open-source-developer-devops-python-opencraft
"Data Engineer (Python, ETL)",Finsera,https://stackoverflow.com/jobs/536631/data-engineer-python-etl-finsera
"Python Back End Developer (FastAPI, Django, Celery)","Daupler, Inc.",https://stackoverflow.com/jobs/523350/python-back-end-developer-fastapi-django-daupler-inc
Python/Django Developer (f/m/d),TeleClinic GmbH,https://stackoverflow.com/jobs/514324/python-django-developer-f-m-d-teleclinic-gmbh
Software Engineer II (Python and Angular),Western Governors University,https://stackoverflow.com/jobs/537887/software-engineer-ii-python-and-angular-western-governors-university
Software Engineer (Java/Python),ComplyAdvantage,https://stackoverflow.com/jobs/528544/software-engineer-java-python-complyadvantage
"Senior Software Engineer, Integration QA, Python",Canonical,https://stackoverflow.com/jobs/519661/senior-software-engineer-integration-qa-python-canonical
"Senior backend engineer (Python, Postgres, remote)",Gridium,https://stackoverflow.com/jobs/545699/senior-backend-engineer-python-postgres-remote-gridium
"(Senior) Software Engineer with Python - Quick Commerce, remote team (f/m/d)",Delivery Hero SE,https://stackoverflow.com/jobs/545025/senior-software-engineer-with-python-quick-delivery-hero-se
Senior Python Developer (100% Remote),Western Governors University,https://stackoverflow.com/jobs/538135/senior-python-developer-100-remote-western-governors-university
Senior Software Engineer - Python,DIGARC,https://stackoverflow.com/jobs/497630/senior-software-engineer-python-digarc
Senior Python Engineer,"Huxley Banking & Financial Services
                        via
Huxley (US)",https://stackoverflow.com/jobs/524663/senior-python-engineer-huxley-banking-financial
Experienced Python Software Developer for our Partner ADSPERT (Berlin or remote),solute GmbH,https://stackoverflow.com/jobs/547853/experienced-python-software-developer-for-our-solute-gmbh
"Engineering Manager (Python) - Quick Commerce, remote team (f/m/d)",Delivery Hero SE,https://stackoverflow.com/jobs/545030/engineering-manager-python-quick-commerce-delivery-hero-se
Python Developer,Zyte (formerly Scrapinghub),https://stackoverflow.com/jobs/513698/python-developer-zyte-formerly-scrapinghub
Senior Software Engineer (Java/Python - Data Insights),ComplyAdvantage,https://stackoverflow.com/jobs/528607/senior-software-engineer-java-python-data-complyadvantage
"Senior .Net Developer for ML, Computer Vision and Python Algorithm development",MapLarge,https://stackoverflow.com/jobs/165235/senior-net-developer-for-ml-computer-vision-and-maplarge
"Full Stack Data Lead (AWS, Python)",Modus Create,https://stackoverflow.com/jobs/539789/full-stack-data-lead-aws-python-modus-create
React or Angular Front-end developer (Remote),Soshace LLC,https://stackoverflow.com/jobs/545624/react-or-angular-front-end-developer-remote-soshace-llc
PHP/Laravel Developer (Remote),Soshace LLC,https://stackoverflow.com/jobs/545674/php-laravel-developer-remote-soshace-llc
Node.js Developer (Remote),Soshace LLC,https://stackoverflow.com/jobs/545625/nodejs-developer-remote-soshace-llc
Cloud Automation Engineer,tribe29 GmbH,https://stackoverflow.com/jobs/547843/cloud-automation-engineer-tribe29-gmbh
Site Reliability Engineer - Managed Attribution,Flashpoint,https://stackoverflow.com/jobs/549148/site-reliability-engineer-managed-attribution-flashpoint
"Senior Software Engineer, Mobile (Remote)",Brex,https://stackoverflow.com/jobs/525274/senior-software-engineer-mobile-remote-brex
"Software Engineer, Product (Remote)",Brex,https://stackoverflow.com/jobs/525268/software-engineer-product-remote-brex
Senior Software Engineer (f/m/d) for something meaningful,Plantix,https://stackoverflow.com/jobs/434316/senior-software-engineer-f-m-d-for-something-plantix
"Software Engineer, Data (Remote)",Brex,https://stackoverflow.com/jobs/525270/software-engineer-data-remote-brex
"Software Engineer, Frontend (Remote)",Brex,https://stackoverflow.com/jobs/525275/software-engineer-frontend-remote-brex
Senior Full-stack Django and React Developer,Scalable Path,https://stackoverflow.com/jobs/550435/senior-full-stack-django-and-react-developer-scalable-path
Senior Full-stack Engineer,"ApolloFactor, Inc",https://stackoverflow.com/jobs/521213/senior-full-stack-engineer-apollofactor-inc
Fully Remote Senior Cloud Software Engineer (Kubernetes Operator Team) - MariaDB,"MariaDB
                        via
Source Coders",https://stackoverflow.com/jobs/550265/fully-remote-senior-cloud-software-engineer-mariadb
Backend Software Engineer - SDVI Rally Core,SDVI,https://stackoverflow.com/jobs/451625/backend-software-engineer-sdvi-rally-core-sdvi
Sr. Software Engineer I - Account Takeover,Flashpoint,https://stackoverflow.com/jobs/541124/sr-software-engineer-i-account-takeover-flashpoint
Backend Software Engineer,Hummingbot,https://stackoverflow.com/jobs/537131/backend-software-engineer-hummingbot
Senior Backend Engineer,Zumper,https://stackoverflow.com/jobs/446579/senior-backend-engineer-zumper
Fullstack Developer (f/m/d),TeleClinic GmbH,https://stackoverflow.com/jobs/508937/fullstack-developer-f-m-d-teleclinic-gmbh
Backend Engineer,Tessian,https://stackoverflow.com/jobs/547936/backend-engineer-tessian
Intertoob Scanner Builder (Fullstack Engineer),Carve Systems,https://stackoverflow.com/jobs/517498/intertoob-scanner-builder-fullstack-engineer-carve-systems
Software Developer,Omnivore Technologies,https://stackoverflow.com/jobs/522531/software-developer-omnivore-technologies
Software Engineer (Full Stack),Parenthetic,https://stackoverflow.com/jobs/527828/software-engineer-full-stack-parenthetic
Fully Remote Mid-Level or Staff Software Engineer - Platform9,"Platform9
                        via
Source Coders",https://stackoverflow.com/jobs/545080/fully-remote-mid-level-or-staff-software-engineer-platform9
Senior Software Engineer,Jelli,https://stackoverflow.com/jobs/531576/senior-software-engineer-jelli
Senior Software Engineer - Web Services (Remote),Canonical,https://stackoverflow.com/jobs/548614/senior-software-engineer-web-services-remote-canonical
Cloud Engineer (all genders),Meshcloud GmbH,https://stackoverflow.com/jobs/544503/cloud-engineer-all-genders-meshcloud-gmbh
Senior Full Stack Engineer at Leading Education Company,Tynker,https://stackoverflow.com/jobs/494562/senior-full-stack-engineer-at-leading-education-tynker
React Front End Developer,"Daupler, Inc.",https://stackoverflow.com/jobs/523351/react-front-end-developer-daupler-inc
Senior Backend Engineer,Tessian,https://stackoverflow.com/jobs/547940/senior-backend-engineer-tessian
.Net Software Developer,Geotab,https://stackoverflow.com/jobs/528786/net-software-developer-geotab
Software Engineer,Asylum Seeker Advocacy Project,https://stackoverflow.com/jobs/548883/software-engineer-asylum-seeker-advocacy-project
"Sr. Software Engineer, Data at Top Marketplace",StyleSeat,https://stackoverflow.com/jobs/542192/sr-software-engineer-data-at-top-marketplace-styleseat
Senior Full Stack Software Engineer,Samotics,https://stackoverflow.com/jobs/516831/senior-full-stack-software-engineer-samotics
Senior Software Engineer (PHP),PSP Media,https://stackoverflow.com/jobs/486921/senior-software-engineer-php-psp-media
Experienced Software Engineer,Outschool,https://stackoverflow.com/jobs/550915/experienced-software-engineer-outschool
Full Stack Developer (Django + React),Self Decode,https://stackoverflow.com/jobs/524866/full-stack-developer-django-plus-react-self-decode
"Experienced Software Engineer, Backend (Healthtech, Remote Options, Equity)",WELL Health Inc.,https://stackoverflow.com/jobs/549971/experienced-software-engineer-backend-well-health-inc
"Backend Developer (Node.js, Postgres, AWS)",Fretello GmbH,https://stackoverflow.com/jobs/533110/backend-developer-nodejs-postgres-aws-fretello-gmbh
Site Reliability Engineering Lead (Remote),Hotjar,https://stackoverflow.com/jobs/545198/site-reliability-engineering-lead-remote-hotjar
Senior Data Engineer (m/w/d) All Locations | Remote,Mercateo Group,https://stackoverflow.com/jobs/550875/senior-data-engineer-m-w-d-all-locations-mercateo-group
(Senior) Backend Engineer at mobility start-up (m/f/x) - Munich or Remote,FINN,https://stackoverflow.com/jobs/331741/senior-backend-engineer-at-mobility-start-up-m-finn
Elixir Developer willing to revolutionalize the Finance sector through APIs,Isabel Group,https://stackoverflow.com/jobs/537664/elixir-developer-willing-to-revolutionalize-the-isabel-group
Senior Backend Engineer @ Number One Safety App In the World,Citizen,https://stackoverflow.com/jobs/499674/senior-backend-engineer-number-one-safety-app-citizen
Software Developer Frontend (m/w/d) Javascript,solute GmbH,https://stackoverflow.com/jobs/283761/software-developer-frontend-m-w-d-javascript-solute-gmbh
"Software Engineer, Analytics",Genesys,https://stackoverflow.com/jobs/526790/software-engineer-analytics-genesys
Sr. Software Engineer - PHP - Contractor,DIGARC,https://stackoverflow.com/jobs/521882/sr-software-engineer-php-contractor-digarc
Senior Backend Engineer,"Metova, Inc.",https://stackoverflow.com/jobs/548139/senior-backend-engineer-metova-inc
(Senior) DevOps Engineer (m/f/d) - Industrial Data Science and Software,Smart Steel Technologies GmbH,https://stackoverflow.com/jobs/490077/senior-devops-engineer-m-f-d-industrial-smart-steel-technologies-gmbh
Data Engineer(Remote),Web Summit,https://stackoverflow.com/jobs/536578/data-engineer-remote-web-summit
Fully Remote Senior or Lead DevOps Engineer - Platform9,"Platform9
                        via
Source Coders",https://stackoverflow.com/jobs/545092/fully-remote-senior-or-lead-devops-engineer-platform9
Software Architect,Susco,https://stackoverflow.com/jobs/550263/software-architect-susco
Senior Java Software Developer,Genesys,https://stackoverflow.com/jobs/547957/senior-java-software-developer-genesys
Senior Software Engineer / Ruby or Elixir/ Remote,The RealReal,https://stackoverflow.com/jobs/522850/senior-software-engineer-ruby-or-elixir-remote-the-realreal
C++ Software Engineer,Percona Staffing LLC,https://stackoverflow.com/jobs/545920/c-plus-plus-software-engineer-percona-staffing-llc
"Solutions Architect, Senior Consultant, DevOps (Remote)",Copado Strategic Services,https://stackoverflow.com/jobs/517847/solutions-architect-senior-consultant-devops-copado-strategic-services
"Engineering Experience, Senior Software Engineer (Remote)",Hotjar,https://stackoverflow.com/jobs/528857/engineering-experience-senior-software-engineer-hotjar
Django Backend Developer,Chaturbate,https://stackoverflow.com/jobs/544134/django-backend-developer-chaturbate
Senior Django Developer,AppEvolve,https://stackoverflow.com/jobs/545529/senior-django-developer-appevolve
Senior Software Engineer - Frontend,Juni Technology AB,https://stackoverflow.com/jobs/482429/senior-software-engineer-frontend-juni-technology-ab
Founding Software Engineer - Backend (Rasgo),Unusual Ventures,https://stackoverflow.com/jobs/485991/founding-software-engineer-backend-rasgo-unusual-ventures
Backend API Engineer,Hummingbot,https://stackoverflow.com/jobs/546576/backend-api-engineer-hummingbot
Full stack software engineer,Ailo,https://stackoverflow.com/jobs/372382/full-stack-software-engineer-ailo
Lead Backend Developer - Elixir,PandaScore,https://stackoverflow.com/jobs/540762/lead-backend-developer-elixir-pandascore
Lead Software Engineer,Genesys,https://stackoverflow.com/jobs/526793/lead-software-engineer-genesys
Senior Software Engineer,1upHealth,https://stackoverflow.com/jobs/524538/senior-software-engineer-1uphealth
Java Developer-Microservices OpenShift,CGI Inc.,https://stackoverflow.com/jobs/523357/java-developer-microservices-openshift-cgi-inc
Backend Engineer,Density,https://stackoverflow.com/jobs/528230/backend-engineer-density
Senior Software Engineer,Avature,https://stackoverflow.com/jobs/524999/senior-software-engineer-avature
Full-Stack Software Engineer,Strata Oncology,https://stackoverflow.com/jobs/371127/full-stack-software-engineer-strata-oncology
"Software Engineer, Backend",AllTrails,https://stackoverflow.com/jobs/541113/software-engineer-backend-alltrails
Senior Software Developer C++ for Next generation Access Control Solution,By - Access Control Systems,https://stackoverflow.com/jobs/492501/senior-software-developer-c-plus-plus-for-next-generation-by-access-control-systems
Senior Frontend Engineer - Databento (Fully Remote),Unusual Ventures,https://stackoverflow.com/jobs/524277/senior-frontend-engineer-databento-fully-unusual-ventures
Senior Software Developer,Susco,https://stackoverflow.com/jobs/550261/senior-software-developer-susco
Senior .Net Software Developer,Geotab,https://stackoverflow.com/jobs/529105/senior-net-software-developer-geotab
Backend Developer/Integration Engineer,Prokeep,https://stackoverflow.com/jobs/546743/backend-developer-integration-engineer-prokeep
Senior Software Engineer,Stardog Union,https://stackoverflow.com/jobs/521448/senior-software-engineer-stardog-union
Full Stack Developer - A cloud-based platform for SEO and marketing solutions,Pentalog,https://stackoverflow.com/jobs/536626/full-stack-developer-a-cloud-based-platform-for-pentalog
Senior DevOps Engineer,"Techcyte, Inc.",https://stackoverflow.com/jobs/548888/senior-devops-engineer-techcyte-inc
Software Engineer (Infrastructure/DevOps),Parenthetic,https://stackoverflow.com/jobs/540195/software-engineer-infrastructure-devops-parenthetic
Java Backend Engineer,Wizenoze,https://stackoverflow.com/jobs/520012/java-backend-engineer-wizenoze
Senior Software Engineer - Customer Shopping Experience,Assurance,https://stackoverflow.com/jobs/504972/senior-software-engineer-customer-shopping-assurance
Senior & Principal Software Engineers,Genesys,https://stackoverflow.com/jobs/535332/senior-principal-software-engineers-genesys
Software Engineer Cloud DevOps - IaC,Samotics,https://stackoverflow.com/jobs/519033/software-engineer-cloud-devops-iac-samotics
Principal Cloud Software Engineer - Remote,Stryker Corporation,https://stackoverflow.com/jobs/524913/principal-cloud-software-engineer-remote-stryker-corporation
Senior Front End developer,Apicbase Belgium,https://stackoverflow.com/jobs/526988/senior-front-end-developer-apicbase-belgium
Back-End Developer (i.e. Node.js),Imaginary Cloud,https://stackoverflow.com/jobs/548437/back-end-developer-ie-nodejs-imaginary-cloud
DevOps - FilmTech changing the game for film and TV production (fully remote),We Got POP Ltd,https://stackoverflow.com/jobs/482928/devops-filmtech-changing-the-game-for-film-and-we-got-pop-ltd
Backend Engineer - Commerce Platform (Remote Eligible EMEA),Spotify,https://stackoverflow.com/jobs/550392/backend-engineer-commerce-platform-remote-spotify
Senior DevOps Engineer (Remote),Slido,https://stackoverflow.com/jobs/519933/senior-devops-engineer-remote-slido
Principal Platform Engineer,Tessian,https://stackoverflow.com/jobs/547942/principal-platform-engineer-tessian
Senior/Lead Software Engineer - Research Team,"GrammaTech, Inc.",https://stackoverflow.com/jobs/525425/senior-lead-software-engineer-research-team-grammatech-inc
Data Warehouse Engineer (all genders),Goodgame Studios,https://stackoverflow.com/jobs/381296/data-warehouse-engineer-all-genders-goodgame-studios
Devops,Bloomreach,https://stackoverflow.com/jobs/525009/devops-bloomreach
20 Full Scholarships - School of AI 2021 Q4,Pi School,https://stackoverflow.com/jobs/550401/20-full-scholarships-school-of-ai-2021-q4-pi-school
Site Reliability Engineer(Remote),Web Summit,https://stackoverflow.com/jobs/529053/site-reliability-engineer-remote-web-summit
Test Automation Engineer,Imaginary Cloud,https://stackoverflow.com/jobs/548761/test-automation-engineer-imaginary-cloud
DevOps / Site Reliability Engineer (EMEA timezone / remote),Platform.sh,https://stackoverflow.com/jobs/550749/devops-site-reliability-engineer-emea-timezone-platformsh
Research and Development SDET â€“ Research Team,"GrammaTech, Inc.",https://stackoverflow.com/jobs/545285/research-and-development-sdet-research-team-grammatech-inc
Software Engineer - Node.js,Zype,https://stackoverflow.com/jobs/529589/software-engineer-nodejs-zype
Senior Software Engineer for growing VC-backed UK startup (based in UK/Europe),Snowplow Analytics,https://stackoverflow.com/jobs/536083/senior-software-engineer-for-growing-vc-backed-uk-snowplow-analytics
Principal Software Engineer,IHS Markit - Project Ultra Violet,https://stackoverflow.com/jobs/543998/principal-software-engineer-ihs-markit-project-ultra
"Linux Engineering - open source, remote",Canonical,https://stackoverflow.com/jobs/540018/linux-engineering-open-source-remote-canonical
Senior/Mid Data Engineer - California or Full Remote,FieldLevel,https://stackoverflow.com/jobs/533161/senior-mid-data-engineer-california-or-full-fieldlevel
*REMOTE* Lead (Senior) Kotlin & Java Engineer (m/f/x) High-Load Search-Engine,"AVANTGARDE - ""Creating Fans""",https://stackoverflow.com/jobs/529656/remote-lead-senior-kotlin-java-engineer-m-avantgarde-creating-fans
"Backend Software Engineer, DevOps",Avature,https://stackoverflow.com/jobs/525020/backend-software-engineer-devops-avature
Senior DevOps Engineer (US REMOTE),Thycotic,https://stackoverflow.com/jobs/529678/senior-devops-engineer-us-remote-thycotic
Software Engineer - SDVI DevOps,SDVI,https://stackoverflow.com/jobs/451626/software-engineer-sdvi-devops-sdvi
Blockchain Engineer (Payments),Hummingbot,https://stackoverflow.com/jobs/506859/blockchain-engineer-payments-hummingbot
Chromium Software Engineer,eyeo GmbH,https://stackoverflow.com/jobs/509364/chromium-software-engineer-eyeo-gmbh
Fullstack Developer,PandaScore,https://stackoverflow.com/jobs/540759/fullstack-developer-pandascore
Full Stack Technical Lead,SSENSE,https://stackoverflow.com/jobs/516156/full-stack-technical-lead-ssense
Software Engineer,"Marbis GmbH
                        via
Computer Futures Solutions GmbH",https://stackoverflow.com/jobs/525397/software-engineer-marbis-gmbh
Software Engineer - Docker Images & Community,Canonical,https://stackoverflow.com/jobs/534266/software-engineer-docker-images-community-canonical
Automation QE Engineer (SAP),SUSE,https://stackoverflow.com/jobs/549114/automation-qe-engineer-sap-suse
Data Engineer (Quant Trading Strategies),Hummingbot,https://stackoverflow.com/jobs/548239/data-engineer-quant-trading-strategies-hummingbot
"Software Engineer, Post Trade Team",DriveWealth Technologies LLC,https://stackoverflow.com/jobs/548618/software-engineer-post-trade-team-drivewealth-technologies-llc
Sr. Cloud Software Engineer,Esri,https://stackoverflow.com/jobs/543610/sr-cloud-software-engineer-esri
Senior Flink/Druid Software Engineer,Genesys,https://stackoverflow.com/jobs/547941/senior-flink-druid-software-engineer-genesys
Senior Software Engineer,Happy Money,https://stackoverflow.com/jobs/546558/senior-software-engineer-happy-money
Backend Engineer - Remote (Europe),GameAnalytics,https://stackoverflow.com/jobs/533778/backend-engineer-remote-europe-gameanalytics
"Senior DevOps Engineer, FedRamp","Sailpoint Technologies, Inc.",https://stackoverflow.com/jobs/536600/senior-devops-engineer-fedramp-sailpoint-technologies-inc
"Software Engineer (Go, K8s)",Appvia,https://stackoverflow.com/jobs/524734/software-engineer-go-k8s-appvia
"Senior DevOps Engineer, Azure","Sailpoint Technologies, Inc.",https://stackoverflow.com/jobs/529274/senior-devops-engineer-azure-sailpoint-technologies-inc
DevOps Engineer,Flyr Inc,https://stackoverflow.com/jobs/522896/devops-engineer-flyr-inc
"Senior Backend Engineer, Content (US Based Only)",Oura Health Oy,https://stackoverflow.com/jobs/543937/senior-backend-engineer-content-us-based-only-oura-health-oy
Senior Quality Engineer,Anchore,https://stackoverflow.com/jobs/531155/senior-quality-engineer-anchore
Software Engineer - Ubuntu Server,Canonical,https://stackoverflow.com/jobs/453719/software-engineer-ubuntu-server-canonical
Senior Kafka Messaging Software Engineer,Genesys,https://stackoverflow.com/jobs/547923/senior-kafka-messaging-software-engineer-genesys
Software Engineer QA,SUSE,https://stackoverflow.com/jobs/549127/software-engineer-qa-suse
Senior Developer,American Logistics,https://stackoverflow.com/jobs/522889/senior-developer-american-logistics
"Manager, Software Engineering",Happy Money,https://stackoverflow.com/jobs/546549/manager-software-engineering-happy-money
Senior Data Scientist,"Verdigris Technologies, Inc.",https://stackoverflow.com/jobs/536321/senior-data-scientist-verdigris-technologies-inc
"Software Engineer, Security (Remote)",Hotjar,https://stackoverflow.com/jobs/544779/software-engineer-security-remote-hotjar
Front-End Engineer,Hummingbot,https://stackoverflow.com/jobs/440502/front-end-engineer-hummingbot
Software Engineer (App team) - Exponea,Bloomreach,https://stackoverflow.com/jobs/525008/software-engineer-app-team-exponea-bloomreach
Senior Salesforce Developer,California Society of CPA's,https://stackoverflow.com/jobs/529271/senior-salesforce-developer-california-society-of-cpas
Lead Developer: Metaculus Web Platform,Metaculus,https://stackoverflow.com/jobs/544816/lead-developer-metaculus-web-platform-metaculus
"Senior Staff AQE, Software (REMOTE)",Stryker Corporation,https://stackoverflow.com/jobs/546354/senior-staff-aqe-software-remote-stryker-corporation
Senior Software Developer,"Bankhead Technologies, Inc.",https://stackoverflow.com/jobs/491988/senior-software-developer-bankhead-technologies-inc
Anti-Fraud Engineer - Red Team,Brave Software,https://stackoverflow.com/jobs/545510/anti-fraud-engineer-red-team-brave-software
Technical Account Manager - Americas (Remote),Platform.sh,https://stackoverflow.com/jobs/545185/technical-account-manager-americas-remote-platformsh
Senior Software Developer In Test,Jelli,https://stackoverflow.com/jobs/510882/senior-software-developer-in-test-jelli
Data Engineer,OPI Analytics,https://stackoverflow.com/jobs/545538/data-engineer-opi-analytics
Quality Assurance Automation Engineer,IHS Markit - Project Ultra Violet,https://stackoverflow.com/jobs/545102/quality-assurance-automation-engineer-ihs-markit-project-ultra
Field Software Engineer - EMEA,Canonical,https://stackoverflow.com/jobs/501791/field-software-engineer-emea-canonical
Lead Front-end Engineer (Vue.js - UK/EU Remote),Virtuoso,https://stackoverflow.com/jobs/540732/lead-front-end-engineer-vuejs-uk-eu-remote-virtuoso
Site Reliability Engineer,Packet Fabric,https://stackoverflow.com/jobs/530307/site-reliability-engineer-packet-fabric
"Senior Manager, Software Engineering",Happy Money,https://stackoverflow.com/jobs/546556/senior-manager-software-engineering-happy-money
Clojure Engineer (Film Industry),Gower St Analytics,https://stackoverflow.com/jobs/550267/clojure-engineer-film-industry-gower-st-analytics
Senior Java Developer (Full-Stack),Western Governors University,https://stackoverflow.com/jobs/540019/senior-java-developer-full-stack-western-governors-university
Site Reliability Engineer - Terraform,SpotMe,https://stackoverflow.com/jobs/308372/site-reliability-engineer-terraform-spotme
Sr. Data Engineer,StyleSeat,https://stackoverflow.com/jobs/546741/sr-data-engineer-styleseat
Data QA Engineer,Zyte (formerly Scrapinghub),https://stackoverflow.com/jobs/549108/data-qa-engineer-zyte-formerly-scrapinghub
Senior Software Engineer,Raspberry Pi Foundation,https://stackoverflow.com/jobs/545514/senior-software-engineer-raspberry-pi-foundation
Data Engineer (Remote),Blue Orange Digital,https://stackoverflow.com/jobs/299049/data-engineer-remote-blue-orange-digital
C++ Programmer (remote/onsite),BeamNG GmbH,https://stackoverflow.com/jobs/531117/c-plus-plus-programmer-remote-onsite-beamng-gmbh
"Senior Software Engineer, Automation and Cloud",UKG (Ultimate Kronos Group),https://stackoverflow.com/jobs/536558/senior-software-engineer-automation-and-cloud-ukg-ultimate-kronos-group
QA Developer (Fullstack),Self Decode,https://stackoverflow.com/jobs/545275/qa-developer-fullstack-self-decode
C# Developer,"Huxley Banking & Financial Services
                        via
Huxley (US)",https://stackoverflow.com/jobs/526748/c-sharp-developer-huxley-banking-financial
"Cloud Operations Engineer, Americas",Canonical,https://stackoverflow.com/jobs/522545/cloud-operations-engineer-americas-canonical
Staff Software Engineer,Bloomreach,https://stackoverflow.com/jobs/544544/staff-software-engineer-bloomreach
Linux Developer- L3 Support,SUSE,https://stackoverflow.com/jobs/549112/linux-developer-l3-support-suse
Senior Cloud Architect,Boyle Software,https://stackoverflow.com/jobs/524645/senior-cloud-architect-boyle-software
Senior DevOps Engineer Consultant |  Full-time or Contract | Remote,Copado Strategic Services,https://stackoverflow.com/jobs/517961/senior-devops-engineer-consultant-full-time-or-copado-strategic-services
Site Reliability Engineer - (100% remote),Giant Swarm GmbH,https://stackoverflow.com/jobs/529005/site-reliability-engineer-100-remote-giant-swarm-gmbh
Lead Software Developer,Genesys,https://stackoverflow.com/jobs/526789/lead-software-developer-genesys
Senior Site Reliability Engineer,Root Insurance Company,https://stackoverflow.com/jobs/544566/senior-site-reliability-engineer-root-insurance-company
Software Developer (kÃ¼nstliche Intelligenz) - fÃ¼r E-Commerce Agentur in Bremen,hmmh multimediahaus AG,https://stackoverflow.com/jobs/529059/software-developer-k%C3%BCnstliche-intelligenz-f%C3%BCr-hmmh-multimediahaus-ag
"Site Reliability Engineer, Kubernetes - EMEA",camunda,https://stackoverflow.com/jobs/550386/site-reliability-engineer-kubernetes-emea-camunda
Senior Software Engineer - US Only,Jeeng,https://stackoverflow.com/jobs/525322/senior-software-engineer-us-only-jeeng
"Cloud Operations Engineer, EMEA",Canonical,https://stackoverflow.com/jobs/522546/cloud-operations-engineer-emea-canonical
Sr. Software Engineer (Fullstack),"Zverse
                        via
TechCXO",https://stackoverflow.com/jobs/550740/sr-software-engineer-fullstack-zverse
Compiler Engineer,Intel Corporation,https://stackoverflow.com/jobs/550585/compiler-engineer-intel-corporation
"Cloud Operations Engineer, APAC",Canonical,https://stackoverflow.com/jobs/526213/cloud-operations-engineer-apac-canonical
Senior React Developer | Contractor | Remote,Copado Strategic Services,https://stackoverflow.com/jobs/545086/senior-react-developer-contractor-remote-copado-strategic-services
Junior DevOps / Cloud Engineer,Werum IT Solutions - inCyght Data Science,https://stackoverflow.com/jobs/492547/junior-devops-cloud-engineer-werum-it-solutions-incyght
Software Engineer - Cloud Images,Canonical,https://stackoverflow.com/jobs/454599/software-engineer-cloud-images-canonical
Senior Data Scientist,komoot,https://stackoverflow.com/jobs/406624/senior-data-scientist-komoot
Systems Engineer - Cloud - APAC,Canonical,https://stackoverflow.com/jobs/512382/systems-engineer-cloud-apac-canonical
Senior DevOps Engineer,Wallethub,https://stackoverflow.com/jobs/550904/senior-devops-engineer-wallethub
Senior AI Machine Learning Engineer in Cyber Security,ObjectSecurity LLC,https://stackoverflow.com/jobs/546358/senior-ai-machine-learning-engineer-in-cyber-objectsecurity-llc
Compiler Engineer,Intel Corporation,https://stackoverflow.com/jobs/544653/compiler-engineer-intel-corporation
Machine Learning Engineer,Research Square,https://stackoverflow.com/jobs/545531/machine-learning-engineer-research-square
Back end developer per operations center,Giocaonline s.r.l.,https://stackoverflow.com/jobs/529295/back-end-developer-per-operations-center-giocaonline-srl
Engineering Manager - CWM Tools,Supermetrics Oy,https://stackoverflow.com/jobs/537605/engineering-manager-cwm-tools-supermetrics-oy
Software Engineer Protection Technology (M/W/D),VMRay,https://stackoverflow.com/jobs/534514/software-engineer-protection-technology-m-w-d-vmray
Senior Experimentation Backend Engineer,Automattic,https://stackoverflow.com/jobs/533130/senior-experimentation-backend-engineer-automattic
Senior Software Engineer,Administrate,https://stackoverflow.com/jobs/522940/senior-software-engineer-administrate
Senior Performance Engineer,Jelli,https://stackoverflow.com/jobs/514644/senior-performance-engineer-jelli
"VP, Senior Network Engineer","Huxley Banking & Financial Services
                        via
Huxley (US)",https://stackoverflow.com/jobs/522786/vp-senior-network-engineer-huxley-banking-financial
DevOps Engineer / FinOps,UKG (Ultimate Kronos Group),https://stackoverflow.com/jobs/543614/devops-engineer-finops-ukg-ultimate-kronos-group
IT Automation Developer ðŸ¦„,Clio,https://stackoverflow.com/jobs/550750/it-automation-developer-clio
Fullstack Developer,We Got POP Ltd,https://stackoverflow.com/jobs/525267/fullstack-developer-we-got-pop-ltd
Senior DevOps Engineer,DriveWealth Technologies LLC,https://stackoverflow.com/jobs/548619/senior-devops-engineer-drivewealth-technologies-llc
Software Engineer - Schedule Optimisation,Tymeshift,https://stackoverflow.com/jobs/538408/software-engineer-schedule-optimisation-tymeshift
"Data Architect, Data Platform",Flyr Inc,https://stackoverflow.com/jobs/529117/data-architect-data-platform-flyr-inc
Technical Account Manager - EMEA (Remote),Platform.sh,https://stackoverflow.com/jobs/545184/technical-account-manager-emea-remote-platformsh
Enterprise & Cloud Security Engineer - REMOTE OK,The RealReal,https://stackoverflow.com/jobs/536113/enterprise-cloud-security-engineer-remote-ok-the-realreal
Frontend Developer,You.i TV,https://stackoverflow.com/jobs/445399/frontend-developer-youi-tv
Data Engineer (Remote),iFit,https://stackoverflow.com/jobs/488304/data-engineer-remote-ifit
Director of Product and Technology,Motive Interactive,https://stackoverflow.com/jobs/549157/director-of-product-and-technology-motive-interactive
Senior Open Source Software Engineer (Python),Ethyca,https://weworkremotely.com/remote-jobs/ethyca-senior-open-source-software-engineer-python-1
Senior Full Stack Developer (Python / Vue.js),Listing Mirror,https://weworkremotely.com/remote-jobs/listing-mirror-senior-full-stack-developer-python-vue-js
"Senior Open Source Developer & DevOps (Python, Django, React, AWS/OpenStack)",OpenCraft,https://weworkremotely.com/remote-jobs/opencraft-senior-open-source-developer-devops-python-django-react-aws-openstack
Fullstack engineer (Python preferred),IGotAnOffer,https://weworkremotely.com/remote-jobs/igotanoffer-fullstack-engineer-python-preferred
"Software Engineer - Python, Remote",Myagi,https://weworkremotely.com/remote-jobs/myagi-software-engineer-python-remote-1
Mid-level Python Engineer,Shake,https://weworkremotely.com/remote-jobs/shake-mid-level-python-engineer
Senior Python Developer (Fully Remote) ,JBS Solutions,https://weworkremotely.com/remote-jobs/jbs-solutions-senior-python-developer-fully-remote
(Senior) Python Full Stack Software Developer,Optimile,https://weworkremotely.com/remote-jobs/optimile-senior-python-full-stack-software-developer
Python Developer,RemoteMore,https://weworkremotely.com/remote-jobs/remotemore-python-developer
Senior Back-end Developer (Python),Input Logic,https://weworkremotely.com/remote-jobs/input-logic-senior-back-end-developer-python
Backend Developer Python (Django) (m/w/d) - 100% remote,Freezingdata GmbH,https://weworkremotely.com/remote-jobs/freezingdata-gmbh-backend-developer-python-django-m-w-d-100-remote
Python Developer,X-Team,https://weworkremotely.com/remote-jobs/x-team-python-developer-2
Senior Backend Engineer (Python/FastAPI),Ren Systems,https://weworkremotely.com/remote-jobs/ren-systems-senior-backend-engineer-python-fastapi
Senior Python Developer - Remote,Ebury,https://weworkremotely.com/remote-jobs/ebury-senior-python-developer-remote-1
Backend Developer (Python),Skuad.io,https://weworkremotely.com/remote-jobs/skuad-io-backend-developer-python
Senior Software Engineer (Python),Noteable,https://weworkremotely.com/remote-jobs/noteable-senior-software-engineer-python
Clojure Developer,Gower St,https://remoteok.io/remote-jobs/106035-remote-clojure-developer-gower-st
Python Developer,Ampcontrol,https://remoteok.io/remote-jobs/106033-remote-python-developer-ampcontrol
Senior Fullstack Developer,SellerLot,https://remoteok.io/remote-jobs/106029-remote-senior-fullstack-developer-sellerlot
Senior Software Engineer,Administrate,https://remoteok.io/remote-jobs/102166-remote-senior-software-engineer-administrate
Python Engineer,Somus OÃœ,https://remoteok.io/remote-jobs/105943-remote-python-engineer-somus-ou
DevOps Engineer,Tucows,https://remoteok.io/remote-jobs/105928-remote-devops-engineer-tucows
Senior Software Engineer,Tucows,https://remoteok.io/remote-jobs/105913-remote-senior-software-engineer-tucows
Systems Engineer,Tucows,https://remoteok.io/remote-jobs/105911-remote-systems-engineer-tucows
Intermediate DevOps Engineer,Tucows,https://remoteok.io/remote-jobs/105910-remote-intermediate-devops-engineer-tucows
Full Stack Engineer,Real Vision,https://remoteok.io/remote-jobs/105894-remote-full-stack-engineer-real-vision
Perl Software Developer,Tucows,https://remoteok.io/remote-jobs/105824-remote-perl-software-developer-tucows
Senior Software Engineer,Tucows,https://remoteok.io/remote-jobs/105823-remote-senior-software-engineer-tucows
Software Engineer,Tucows,https://remoteok.io/remote-jobs/105822-remote-software-engineer-tucows
Senior Backend Python Developer,Laskie,https://remoteok.io/remote-jobs/105780-remote-senior-backend-python-developer-laskie
Software Engineer,Cash Flow Portal,https://remoteok.io/remote-jobs/105770-remote-software-engineer-cash-flow-portal
Senior Software Engineer,UpLift,https://remoteok.io/remote-jobs/105729-remote-senior-software-engineer-uplift
Senior Software Engineer,Iterative,https://remoteok.io/remote-jobs/99244-remote-senior-software-engineer-iterative
Software Engineer,Hades,https://remoteok.io/remote-jobs/105618-remote-software-engineer-hades
Software Engineer,Reincubate,https://remoteok.io/remote-jobs/105609-remote-software-engineer-reincubate
Senior Full Stack Software Engineer,Tucows,https://remoteok.io/remote-jobs/105592-remote-senior-full-stack-software-engineer-tucows
Lead Developer Support,Tucows,https://remoteok.io/remote-jobs/105502-remote-lead-developer-support-tucows
Software Engineer Team Lead,Tucows,https://remoteok.io/remote-jobs/105499-remote-software-engineer-team-lead-tucows
Software Engineer Backend,Settle,https://remoteok.io/remote-jobs/105448-remote-software-engineer-backend-settle
Senior Full Stack Developer Django Vue.js 100,Accruvia,https://remoteok.io/remote-jobs/105416-remote-senior-full-stack-developer-django-vue-js-100-accruvia
Senior Back End Software Engineer,Tucows,https://remoteok.io/remote-jobs/105310-remote-senior-back-end-software-engineer-tucows
Interview Engineer,Karat ,https://remoteok.io/remote-jobs/105293-remote-interview-engineer-karat
Software Engineer,Argyle,https://remoteok.io/remote-jobs/105285-remote-software-engineer-argyle
Backend Software Engineer,Argyle [PyJobs],https://remoteok.io/remote-jobs/105124-remote-backend-software-engineer-argyle-pyjobs
Senior Backend Python Developer,FeedStock,https://remoteok.io/remote-jobs/105112-remote-senior-backend-python-developer-feedstock
Senior Backend Software Engineer Python,crate.io,https://remoteok.io/remote-jobs/105108-remote-senior-backend-software-engineer-python-crate-io
Software Engineer,Metrika Inc.,https://remoteok.io/remote-jobs/105107-remote-software-engineer-metrika-inc
Senior Python Engineer,Clevertech,https://remoteok.io/remote-jobs/104882-remote-senior-python-engineer-clevertech
Lead Backend Developer,Remotesome,https://remoteok.io/remote-jobs/104744-remote-lead-backend-developer-remotesome
Senior Python Developer,Theme Analytics,https://remoteok.io/remote-jobs/104715-remote-senior-python-developer-theme-analytics
Senior Fullstack Engineer,Remotesome,https://remoteok.io/remote-jobs/104605-remote-senior-fullstack-engineer-remotesome
Systems Engineer,Tucows,https://remoteok.io/remote-jobs/104533-remote-systems-engineer-tucows
React.js Developer,Appsilon,https://remoteok.io/remote-jobs/104503-remote-react-js-developer-appsilon
Full Stack Developer,AMNESIA media,https://remoteok.io/remote-jobs/104488-remote-full-stack-developer-amnesia-media
Full Stack Software Engineer,GooseChase,https://remoteok.io/remote-jobs/104445-remote-full-stack-software-engineer-goosechase
Software Engineer Backend Python (Amer,Close,https://remoteok.io/remote-jobs/104218-remote-software-engineer-backend-python-amer-close
Senior Python Django Engineer,Ten Spot,https://remoteok.io/remote-jobs/104135-remote-senior-python-django-engineer-ten-spot
Senior Backend Engineer,Remotesome,https://remoteok.io/remote-jobs/104111-remote-senior-backend-engineer-remotesome
Senior Staff Engineer,Shopify,https://remoteok.io/remote-jobs/104049-remote-senior-staff-engineer-shopify
Senior Software Development Manager,Shopify,https://remoteok.io/remote-jobs/104044-remote-senior-software-development-manager-shopify
Software Engineer,Argyle,https://remoteok.io/remote-jobs/104012-remote-software-engineer-argyle
DevOps Software Engineer,The Linux Foundation,https://remoteok.io/remote-jobs/103999-remote-devops-software-engineer-the-linux-foundation
Senior Software Engineer,Sugar,https://remoteok.io/remote-jobs/103910-remote-senior-software-engineer-sugar
Django Developer,Toptal,https://remoteok.io/remote-jobs/103865-remote-django-developer-toptal
Senior Software Engineer,JUMO,https://remoteok.io/remote-jobs/103829-remote-senior-software-engineer-jumo
Senior Backend Software Developer,Jungle Scout,https://remoteok.io/remote-jobs/103790-remote-senior-backend-software-developer-jungle-scout
Python Software Engineer,Vizibl,https://remoteok.io/remote-jobs/103724-remote-python-software-engineer-vizibl
Software Engineer Data Infra,Doximity,https://remoteok.io/remote-jobs/103575-remote-software-engineer-data-infra-doximity
Backend Web Developer,Kettle,https://remoteok.io/remote-jobs/103568-remote-backend-web-developer-kettle
Protocol Engineer,Status,https://remoteok.io/remote-jobs/103514-remote-protocol-engineer-status
Python Developer,Ampcontrol,https://remoteok.io/remote-jobs/103491-remote-python-developer-ampcontrol
Software Engineer,Argyle,https://remoteok.io/remote-jobs/103424-remote-software-engineer-argyle
Senior Software Engineer,Administrate,https://remoteok.io/remote-jobs/103216-remote-senior-software-engineer-administrate
Senior Open Source Developer DevOps,OpenCraft,https://remoteok.io/remote-jobs/103181-remote-senior-open-source-developer-devops-opencraft
Lead Salesforce Developer,Georgia Institute of Technology,https://remoteok.io/remote-jobs/103115-remote-lead-salesforce-developer-georgia-institute-of-technology
Senior Fullstack Python Developer,Backtracks.fm,https://remoteok.io/remote-jobs/102525-remote-senior-fullstack-python-developer-backtracks-fm
Senior C++ Developer,Flightradar24,https://remoteok.io/remote-jobs/102386-remote-senior-c-plus-plus-developer-flightradar24
Senior Backend Engineers,Argyle,https://remoteok.io/remote-jobs/102322-remote-senior-backend-engineers-argyle
Software Engineer,Argyle,https://remoteok.io/remote-jobs/102320-remote-software-engineer-argyle
Sr Software Engineer Data Infra,Doximity,https://remoteok.io/remote-jobs/102138-remote-sr-software-engineer-data-infra-doximity
Backend Software Engineer,Nav Inc,https://remoteok.io/remote-jobs/102132-remote-backend-software-engineer-nav-inc
Senior Software Engineer,Splitgraph,https://remoteok.io/remote-jobs/102104-remote-senior-software-engineer-splitgraph
Software Engineer Full Stack,Mainvest,https://remoteok.io/remote-jobs/102003-remote-software-engineer-full-stack-mainvest
Manager Toolchain Software Engineering,DataKitchen,https://remoteok.io/remote-jobs/101765-remote-manager-toolchain-software-engineering-datakitchen
Senior Backend Software Engineers,Argyle,https://remoteok.io/remote-jobs/101553-remote-senior-backend-software-engineers-argyle
Senior Software Engineer,Muck Rack,https://remoteok.io/remote-jobs/101485-remote-senior-software-engineer-muck-rack
Senior Python Django Developer,ZibaSec,https://remoteok.io/remote-jobs/101445-remote-senior-python-django-developer-zibasec
Senior Software Engineer,Muck Rack,https://remoteok.io/remote-jobs/101377-remote-senior-software-engineer-muck-rack
Senior Software Engineer,Administrate,https://remoteok.io/remote-jobs/101155-remote-senior-software-engineer-administrate
Senior Software Engineer,Welcome,https://remoteok.io/remote-jobs/101139-remote-senior-software-engineer-welcome
Software Engineer,Argyle,https://remoteok.io/remote-jobs/100929-remote-software-engineer-argyle
DevOps Software Engineer,The Linux Foundation,https://remoteok.io/remote-jobs/100705-remote-devops-software-engineer-the-linux-foundation
Senior Python Engineer,DataKitchen,https://remoteok.io/remote-jobs/100682-remote-senior-python-engineer-datakitchen
Software Engineer,Ampcontrol.io,https://remoteok.io/remote-jobs/100578-remote-software-engineer-ampcontrol-io
Full Stack Developer,HelloMaaS,https://remoteok.io/remote-jobs/100554-remote-full-stack-developer-hellomaas
Web Developer,LearnCube,https://remoteok.io/remote-jobs/100457-remote-web-developer-learncube
Senior Software Engineer,NannyML,https://remoteok.io/remote-jobs/100441-remote-senior-software-engineer-nannyml
Full Stack Developer,Earning Together,https://remoteok.io/remote-jobs/100005-remote-full-stack-developer-earning-together
Python Engineer,Intent Technologies,https://remoteok.io/remote-jobs/100003-remote-python-engineer-intent-technologies
Senior Developer,Toptal,https://remoteok.io/remote-jobs/99898-remote-senior-developer-toptal
Senior Backend Developer,Clarity Movement Co.,https://remoteok.io/remote-jobs/99896-remote-senior-backend-developer-clarity-movement-co
Backend Developer Data Scientist,komoot,https://remoteok.io/remote-jobs/99798-remote-backend-developer-data-scientist-komoot
Senior Front End Developer,PolySwarm,https://remoteok.io/remote-jobs/99794-remote-senior-front-end-developer-polyswarm
Senior Software Engineer,JetBridge,https://remoteok.io/remote-jobs/99792-remote-senior-software-engineer-jetbridge
Sr Software Engineer React React Native,Very LLC,https://remoteok.io/remote-jobs/99730-remote-sr-software-engineer-react-react-native-very-llc
Senior Full Stack Engineer,GooseChase,https://remoteok.io/remote-jobs/99701-remote-senior-full-stack-engineer-goosechase
Back End Developer,InReach Ventures,https://remoteok.io/remote-jobs/99530-remote-back-end-developer-inreach-ventures
Senior Back End Engineer,Beyond Pricing,https://remoteok.io/remote-jobs/99409-remote-senior-back-end-engineer-beyond-pricing
Senior Software Engineer,Muck Rack,https://remoteok.io/remote-jobs/99378-remote-senior-software-engineer-muck-rack
Senior Software Engineer,Netdata Inc,https://remoteok.io/remote-jobs/99258-remote-senior-software-engineer-netdata-inc
Lead Back End Developer,Simpleweb,https://remoteok.io/remote-jobs/99178-remote-lead-back-end-developer-simpleweb
Full Stack Developer,Coconut ,https://remoteok.io/remote-jobs/99168-remote-full-stack-developer-coconut
Freelance Backend Developer,Toptal,https://remoteok.io/remote-jobs/99118-remote-freelance-backend-developer-remote-toptal
Lead Full Stack Software Engineer,Prominent Edge,https://remoteok.io/remote-jobs/97397-remote-lead-full-stack-software-engineer-prominent-edge
Senior Full Stack Engineer,Divvy Homes,https://remoteok.io/remote-jobs/104923-remote-senior-full-stack-engineer-divvy-homes
Senior Data Scientist,Divvy Homes,https://remoteok.io/remote-jobs/104922-remote-senior-data-scientist-divvy-homes
Strategic Partner Manager,Gorgias,https://remoteok.io/remote-jobs/104921-remote-strategic-partner-manager-gorgias
Senior Fullstack Engineer Python JavaScript,Gorgias,https://remoteok.io/remote-jobs/104920-remote-senior-fullstack-engineer-python-js-gorgias
Python Back End Developer TNX Logistics 100,Transporeon,https://remoteok.io/remote-jobs/104861-remote-python-back-end-developer-tnx-logistics-100-transporeon
Senior Full Stack Django Python Developer,Uncommon Giving,https://remoteok.io/remote-jobs/104451-remote-senior-full-stack-django-python-developer-uncommon-giving
Software Developer Python,Univention,https://remoteok.io/remote-jobs/104178-remote-software-developer-python-univention
Python Backend Developer,Cobblestone Energy,https://remoteok.io/remote-jobs/103955-remote-python-backend-developer-cobblestone-energy
Python Developer,SKY Group,https://remoteok.io/remote-jobs/103689-remote-python-developer-sky-group
Python Developer,IMS,https://remoteok.io/remote-jobs/103665-remote-python-developer-ims
Python Backend Developer,Werum IT Solutions -yght Data Science,https://remoteok.io/remote-jobs/103614-remote-python-backend-developer-werum-it-solutions-yght-data-science
Senior Python Developer Itemize,FinTech AI Company,https://remoteok.io/remote-jobs/103495-remote-senior-python-developer-itemize-fintech-ai-company
Senior Software Engineer Python,Genesys,https://remoteok.io/remote-jobs/103305-remote-senior-software-engineer-python-genesys
Enthousiastic Full Stack Developer With A Python Django Preference,Apicbase Belgium,https://remoteok.io/remote-jobs/103040-remote-enthousiastic-full-stack-developer-with-a-python-django-preference-apicbase-belgium
Python Backend Developer,Favox,https://remoteok.io/remote-jobs/102836-remote-python-backend-developer-favox
Senior Python Developer,CitNOW Video,https://remoteok.io/remote-jobs/102832-remote-senior-python-developer-citnow-video
Senior Python Developer,ACCURE Battery Intelligence,https://remoteok.io/remote-jobs/102594-remote-senior-python-developer-accure-battery-intelligence
Python Developer,Etiometry,https://remoteok.io/remote-jobs/102245-remote-python-developer-etiometry
Senior Full Stack Django Python Developer,Share Edge,https://remoteok.io/remote-jobs/102097-remote-senior-full-stack-django-python-developer-share-edge
Senior Python Developer,Ambient Innovation,https://remoteok.io/remote-jobs/101685-remote-senior-python-developer-ambient-innovation
Python Developer,Pentalog,https://remoteok.io/remote-jobs/100839-remote-python-developer-pentalog
Python Web Developer,RavenPack International SL,https://remoteok.io/remote-jobs/100836-remote-python-web-developer-ravenpack-international-sl
Jr Mid React Python Developer,Compugain,https://remoteok.io/remote-jobs/100695-remote-jr-mid-react-python-developer-compugain
Python Developer,Mako Medical,https://remoteok.io/remote-jobs/99941-remote-python-developer-mako-medical
Python Developer,CMAS Systems,https://remoteok.io/remote-jobs/99676-remote-python-developer-cmas-systems
Senior Python Developer,Findaway World,https://remoteok.io/remote-jobs/99575-remote-senior-python-developer-findaway-world
Python C Developer,HealthLumen,https://remoteok.io/remote-jobs/99294-remote-python-c-developer-healthlumen
Senior Python Developer,Findaway,https://remoteok.io/remote-jobs/99062-remote-senior-python-developer-findaway
Python Developer,BairesDev,https://remoteok.io/remote-jobs/98788-remote-python-developer-bairesdev
SR Django Developer,Trafilea,https://remoteok.io/remote-jobs/98666-remote-sr-django-developer-trafilea
Senior Software Engineer Python Tornado AWS,Verys,https://remoteok.io/remote-jobs/98654-remote-senior-software-engineer-python-tornado-aws-verys
Python Developer,YouGov,https://remoteok.io/remote-jobs/98637-remote-python-developer-yougov
Principal Python Software Developer,Railroad19,https://remoteok.io/remote-jobs/98621-remote-principal-python-software-developer-railroad19
Experienced Python Developer,ShipHero,https://remoteok.io/remote-jobs/98580-remote-experienced-python-developer-shiphero
Senior Full Stack Python Developer,REPAY,https://remoteok.io/remote-jobs/98420-remote-senior-full-stack-python-developer-repay
Senior Python Developer,Adspert Bidmanagement,https://remoteok.io/remote-jobs/98409-remote-senior-python-developer-adspert-bidmanagement
Expert Django Developer,AppEvolve,https://remoteok.io/remote-jobs/98165-remote-expert-django-developer-appevolve
Python Developer,PeopleDoc,https://remoteok.io/remote-jobs/98046-remote-python-developer-peopledoc
Senior Python Developer,Flashpoint,https://remoteok.io/remote-jobs/97840-remote-senior-python-developer-flashpoint
Python Developer,UCRAFT,https://remoteok.io/remote-jobs/97815-remote-python-developer-ucraft
Python Developer,Upstack,https://remoteok.io/remote-jobs/97638-remote-python-developer-upstack
Python Full Stack Developer,REPAY,https://remoteok.io/remote-jobs/97466-remote-python-full-stack-developer-repay
Python Developer,Bitedge,https://remoteok.io/remote-jobs/97419-remote-python-developer-bitedge
Expert Django Developer,DjangoForce,https://remoteok.io/remote-jobs/97248-remote-expert-django-developer-djangoforce
Senior Software Engineer Python,Verys,https://remoteok.io/remote-jobs/97215-remote-senior-software-engineer-python-verys
